/*
SQLyog Community v13.1.9 (64 bit)
MySQL - 10.4.24-MariaDB : Database - data_warehousing
*********************************************************************
*/

/*!40101 SET NAMES utf8 */;

/*!40101 SET SQL_MODE=''*/;

/*!40014 SET @OLD_UNIQUE_CHECKS=@@UNIQUE_CHECKS, UNIQUE_CHECKS=0 */;
/*!40014 SET @OLD_FOREIGN_KEY_CHECKS=@@FOREIGN_KEY_CHECKS, FOREIGN_KEY_CHECKS=0 */;
/*!40101 SET @OLD_SQL_MODE=@@SQL_MODE, SQL_MODE='NO_AUTO_VALUE_ON_ZERO' */;
/*!40111 SET @OLD_SQL_NOTES=@@SQL_NOTES, SQL_NOTES=0 */;
CREATE DATABASE /*!32312 IF NOT EXISTS*/`data_warehousing` /*!40100 DEFAULT CHARACTER SET utf16 */;

USE `data_warehousing`;

/*Table structure for table `artikel` */

DROP TABLE IF EXISTS `artikel`;

CREATE TABLE `artikel` (
  `id` int(11) NOT NULL AUTO_INCREMENT,
  `artikel_name` varchar(45) NOT NULL,
  PRIMARY KEY (`id`),
  UNIQUE KEY `artikelname_UNIQUE` (`artikel_name`)
) ENGINE=InnoDB AUTO_INCREMENT=9 DEFAULT CHARSET=utf16;

/*Data for the table `artikel` */

insert  into `artikel`(`id`,`artikel_name`) values 
(4,'Damenschuhe'),
(3,'Herrenschuhe'),
(1,'Kinderschuhe'),
(2,'Pflegemittel'),
(5,'Zubehoer');

/*Table structure for table `facts` */

DROP TABLE IF EXISTS `facts`;

CREATE TABLE `facts` (
  `id` int(11) NOT NULL AUTO_INCREMENT,
  `anzahl` int(11) DEFAULT NULL,
  `umsatz` double DEFAULT NULL,
  `gewinn` double DEFAULT NULL,
  `filialen_id` int(11) NOT NULL,
  `quartal_id` int(11) NOT NULL,
  `artikel_id` int(11) NOT NULL,
  PRIMARY KEY (`id`),
  KEY `fk_facts_filialen_idx` (`filialen_id`),
  KEY `fk_facts_quartal1_idx` (`quartal_id`),
  KEY `fk_facts_artikel1_idx` (`artikel_id`),
  CONSTRAINT `fk_facts_artikel1` FOREIGN KEY (`artikel_id`) REFERENCES `artikel` (`id`) ON DELETE NO ACTION ON UPDATE NO ACTION,
  CONSTRAINT `fk_facts_filialen` FOREIGN KEY (`filialen_id`) REFERENCES `filialen` (`id`) ON DELETE NO ACTION ON UPDATE NO ACTION,
  CONSTRAINT `fk_facts_quartal1` FOREIGN KEY (`quartal_id`) REFERENCES `quartal` (`id`) ON DELETE NO ACTION ON UPDATE NO ACTION
) ENGINE=InnoDB AUTO_INCREMENT=622 DEFAULT CHARSET=utf16;

/*Data for the table `facts` */

insert  into `facts`(`id`,`anzahl`,`umsatz`,`gewinn`,`filialen_id`,`quartal_id`,`artikel_id`) values 
(1,36,2728.8,791.35,1,1,1),
(2,39,2956.2,857.3,2,1,1),
(3,127,1587.5,952.5,3,2,2),
(4,32,3155.2,1009.66,1,2,3),
(5,138,1725,1035,3,1,2),
(6,142,1775,1065,1,2,2),
(7,147,1837.5,1102.5,4,2,2),
(8,52,3941.6,1143.06,5,1,1),
(9,37,3648.2,1167.42,2,3,3),
(10,32,3600,1260,6,2,4),
(11,36,4050,1417.5,3,4,4),
(12,45,4437,1419.84,1,4,3),
(13,53,5225.8,1672.26,2,1,3),
(14,57,5620.2,1798.46,4,4,3),
(15,67,6606.2,2113.98,5,2,3),
(16,62,6975,2441.25,2,3,4),
(17,68,7650,2677.5,6,3,4),
(18,116,986,640.9,3,2,5),
(19,127,1079.5,701.68,1,4,5),
(20,121,1512.5,907.5,3,3,2),
(21,134,1675,1005,6,1,2),
(22,140,1750,1050,1,1,2),
(23,30,3375,1181.25,2,2,4),
(24,66,6507.6,2082.43,3,2,3),
(25,58,6525,2283.75,4,4,4),
(26,58,6525,2283.75,5,1,4),
(27,110,935,607.75,1,2,5),
(28,115,977.5,635.38,4,4,5),
(29,115,977.5,635.38,5,4,5),
(30,116,986,640.9,2,1,5),
(31,141,1198.5,779.03,3,1,5),
(32,117,1462.5,877.5,1,3,2),
(33,41,3107.8,901.26,4,4,1),
(34,41,3107.8,901.26,6,1,1),
(35,141,1762.5,1057.5,1,4,2),
(36,37,3648.2,1167.42,5,1,3),
(37,47,4634.2,1482.94,3,4,3),
(38,52,5127.2,1640.7,1,3,3),
(39,70,6902,2208.64,2,2,3),
(40,57,6412.5,2244.38,4,1,4),
(41,61,6862.5,2401.88,1,1,4),
(42,64,7200,2520,1,2,4),
(43,68,7650,2677.5,5,2,4),
(44,121,1028.5,668.53,6,3,5),
(45,125,1062.5,690.63,6,1,5),
(46,125,1062.5,690.63,5,1,5),
(47,134,1139,740.35,3,4,5),
(48,110,1375,825,5,3,2),
(49,112,1400,840,2,2,2),
(50,123,1537.5,922.5,3,4,2),
(51,30,2958,946.56,2,4,3),
(52,45,3411,989.19,3,4,1),
(53,49,3714.2,1077.12,4,1,1),
(54,61,4623.8,1340.9,2,3,1),
(55,67,5078.6,1472.79,1,2,1),
(56,52,5127.2,1640.7,6,3,3),
(57,113,960.5,624.33,6,2,5),
(58,148,1258,817.7,4,2,5),
(59,116,1450,870,4,3,2),
(60,40,3032,879.28,2,4,1),
(61,123,1537.5,922.5,2,4,2),
(62,134,1675,1005,4,4,2),
(63,48,3638.4,1055.14,4,3,1),
(64,57,4320.6,1252.97,5,2,1),
(65,53,5225.8,1672.26,6,2,3),
(66,53,5225.8,1672.26,5,4,3),
(67,43,4837.5,1693.13,2,1,4),
(68,48,5400,1890,3,2,4),
(69,67,6606.2,2113.98,1,1,3),
(70,57,6412.5,2244.38,1,3,4),
(71,111,943.5,613.28,5,3,5),
(72,139,1181.5,767.98,2,2,5),
(73,129,1612.5,967.5,2,3,2),
(74,136,1700,1020,5,2,2),
(75,64,4851.2,1406.85,3,2,1),
(76,51,5737.5,2008.13,4,3,4),
(77,130,1105,718.25,3,3,5),
(78,136,1156,751.4,5,2,5),
(79,139,1181.5,767.98,2,4,5),
(80,116,1450,870,4,1,2),
(81,45,3411,989.19,5,3,1),
(82,32,3155.2,1009.66,4,1,3),
(83,140,1750,1050,5,4,2),
(84,143,1787.5,1072.5,6,2,2),
(85,49,3714.2,1077.12,5,4,1),
(86,50,3790,1099.1,3,3,1),
(87,55,4169,1209.01,1,4,1),
(88,53,5225.8,1672.26,4,3,3),
(89,31,2349.8,681.44,2,2,1),
(90,129,1096.5,712.73,4,1,5),
(91,33,3253.8,1041.22,6,4,3),
(92,32,3600,1260,3,1,4),
(93,33,3712.5,1299.38,2,4,4),
(94,43,4239.8,1356.74,4,2,3),
(95,42,4725,1653.75,3,3,4),
(96,47,5287.5,1850.63,4,2,4),
(97,47,5287.5,1850.63,5,3,4),
(98,67,6606.2,2113.98,3,3,3),
(99,63,7087.5,2480.63,6,4,4),
(100,120,1020,663,6,4,5),
(101,131,1113.5,723.78,2,3,5),
(102,137,1164.5,756.93,4,3,5),
(103,138,1173,762.45,1,3,5),
(104,36,2728.8,791.35,6,4,1),
(105,149,1266.5,823.23,1,1,5),
(106,111,1387.5,832.5,5,1,2),
(107,117,1462.5,877.5,6,3,2),
(108,131,1637.5,982.5,2,1,2),
(109,45,3411,989.19,6,3,1),
(110,140,1750,1050,6,4,2),
(111,34,3352.4,1072.77,6,1,3),
(112,56,4244.8,1230.99,4,2,1),
(113,56,4244.8,1230.99,1,3,1),
(114,59,4472.2,1296.94,3,1,1),
(115,67,5078.6,1472.79,6,2,1),
(116,48,4732.8,1514.5,5,3,3),
(117,67,6606.2,2113.98,3,1,3),
(118,60,6750,2362.5,6,1,4),
(119,60,6750,2362.5,1,4,4),
(120,61,6862.5,2401.88,5,4,4),
(121,36,2728.8,791.35,1,1,1),
(122,39,2956.2,857.3,2,1,1),
(123,127,1587.5,952.5,3,2,2),
(124,32,3155.2,1009.66,1,2,3),
(125,138,1725,1035,3,1,2),
(126,142,1775,1065,1,2,2),
(127,147,1837.5,1102.5,4,2,2),
(128,52,3941.6,1143.06,5,1,1),
(129,37,3648.2,1167.42,2,3,3),
(130,32,3600,1260,6,2,4),
(131,36,4050,1417.5,3,4,4),
(132,45,4437,1419.84,1,4,3),
(133,53,5225.8,1672.26,2,1,3),
(134,57,5620.2,1798.46,4,4,3),
(135,67,6606.2,2113.98,5,2,3),
(136,62,6975,2441.25,2,3,4),
(137,68,7650,2677.5,6,3,4),
(138,116,986,640.9,3,2,5),
(139,127,1079.5,701.68,1,4,5),
(140,121,1512.5,907.5,3,3,2),
(141,134,1675,1005,6,1,2),
(142,140,1750,1050,1,1,2),
(143,30,3375,1181.25,2,2,4),
(144,66,6507.6,2082.43,3,2,3),
(145,58,6525,2283.75,4,4,4),
(146,58,6525,2283.75,5,1,4),
(147,110,935,607.75,1,2,5),
(148,115,977.5,635.38,4,4,5),
(149,115,977.5,635.38,5,4,5),
(150,116,986,640.9,2,1,5),
(151,141,1198.5,779.03,3,1,5),
(152,117,1462.5,877.5,1,3,2),
(153,41,3107.8,901.26,4,4,1),
(154,41,3107.8,901.26,6,1,1),
(155,141,1762.5,1057.5,1,4,2),
(156,37,3648.2,1167.42,5,1,3),
(157,47,4634.2,1482.94,3,4,3),
(158,52,5127.2,1640.7,1,3,3),
(159,70,6902,2208.64,2,2,3),
(160,57,6412.5,2244.38,4,1,4),
(161,61,6862.5,2401.88,1,1,4),
(162,64,7200,2520,1,2,4),
(163,68,7650,2677.5,5,2,4),
(164,121,1028.5,668.53,6,3,5),
(165,125,1062.5,690.63,6,1,5),
(166,125,1062.5,690.63,5,1,5),
(167,134,1139,740.35,3,4,5),
(168,110,1375,825,5,3,2),
(169,112,1400,840,2,2,2),
(170,123,1537.5,922.5,3,4,2),
(171,30,2958,946.56,2,4,3),
(172,45,3411,989.19,3,4,1),
(173,49,3714.2,1077.12,4,1,1),
(174,61,4623.8,1340.9,2,3,1),
(175,67,5078.6,1472.79,1,2,1),
(176,52,5127.2,1640.7,6,3,3),
(177,113,960.5,624.33,6,2,5),
(178,148,1258,817.7,4,2,5),
(179,116,1450,870,4,3,2),
(180,40,3032,879.28,2,4,1),
(181,123,1537.5,922.5,2,4,2),
(182,134,1675,1005,4,4,2),
(183,48,3638.4,1055.14,4,3,1),
(184,57,4320.6,1252.97,5,2,1),
(185,53,5225.8,1672.26,6,2,3),
(186,53,5225.8,1672.26,5,4,3),
(187,43,4837.5,1693.13,2,1,4),
(188,48,5400,1890,3,2,4),
(189,67,6606.2,2113.98,1,1,3),
(190,57,6412.5,2244.38,1,3,4),
(191,111,943.5,613.28,5,3,5),
(192,139,1181.5,767.98,2,2,5),
(193,129,1612.5,967.5,2,3,2),
(194,136,1700,1020,5,2,2),
(195,64,4851.2,1406.85,3,2,1),
(196,51,5737.5,2008.13,4,3,4),
(197,130,1105,718.25,3,3,5),
(198,136,1156,751.4,5,2,5),
(199,139,1181.5,767.98,2,4,5),
(200,116,1450,870,4,1,2),
(201,45,3411,989.19,5,3,1),
(202,32,3155.2,1009.66,4,1,3),
(203,140,1750,1050,5,4,2),
(204,143,1787.5,1072.5,6,2,2),
(205,49,3714.2,1077.12,5,4,1),
(206,50,3790,1099.1,3,3,1),
(207,55,4169,1209.01,1,4,1),
(208,53,5225.8,1672.26,4,3,3),
(209,31,2349.8,681.44,2,2,1),
(210,129,1096.5,712.73,4,1,5),
(211,33,3253.8,1041.22,6,4,3),
(212,32,3600,1260,3,1,4),
(213,33,3712.5,1299.38,2,4,4),
(214,43,4239.8,1356.74,4,2,3),
(215,42,4725,1653.75,3,3,4),
(216,47,5287.5,1850.63,4,2,4),
(217,47,5287.5,1850.63,5,3,4),
(218,67,6606.2,2113.98,3,3,3),
(219,63,7087.5,2480.63,6,4,4),
(220,120,1020,663,6,4,5),
(221,131,1113.5,723.78,2,3,5),
(222,137,1164.5,756.93,4,3,5),
(223,138,1173,762.45,1,3,5),
(224,36,2728.8,791.35,6,4,1),
(225,149,1266.5,823.23,1,1,5),
(226,111,1387.5,832.5,5,1,2),
(227,117,1462.5,877.5,6,3,2),
(228,131,1637.5,982.5,2,1,2),
(229,45,3411,989.19,6,3,1),
(230,140,1750,1050,6,4,2),
(231,34,3352.4,1072.77,6,1,3),
(232,56,4244.8,1230.99,4,2,1),
(233,56,4244.8,1230.99,1,3,1),
(234,59,4472.2,1296.94,3,1,1),
(235,67,5078.6,1472.79,6,2,1),
(236,48,4732.8,1514.5,5,3,3),
(237,67,6606.2,2113.98,3,1,3),
(238,60,6750,2362.5,6,1,4),
(239,60,6750,2362.5,1,4,4),
(240,61,6862.5,2401.88,5,4,4),
(241,36,2728.8,791.35,1,1,1),
(242,39,2956.2,857.3,2,1,1),
(243,127,1587.5,952.5,3,2,2),
(244,32,3155.2,1009.66,1,2,3),
(245,138,1725,1035,3,1,2),
(246,142,1775,1065,1,2,2),
(247,147,1837.5,1102.5,4,2,2),
(248,52,3941.6,1143.06,5,1,1),
(249,37,3648.2,1167.42,2,3,3),
(250,32,3600,1260,6,2,4),
(251,36,4050,1417.5,3,4,4),
(252,45,4437,1419.84,1,4,3),
(253,53,5225.8,1672.26,2,1,3),
(254,57,5620.2,1798.46,4,4,3),
(255,67,6606.2,2113.98,5,2,3),
(256,62,6975,2441.25,2,3,4),
(257,68,7650,2677.5,6,3,4),
(258,116,986,640.9,3,2,5),
(259,127,1079.5,701.68,1,4,5),
(260,121,1512.5,907.5,3,3,2),
(261,134,1675,1005,6,1,2),
(262,140,1750,1050,1,1,2),
(263,30,3375,1181.25,2,2,4),
(264,66,6507.6,2082.43,3,2,3),
(265,58,6525,2283.75,4,4,4),
(266,58,6525,2283.75,5,1,4),
(267,110,935,607.75,1,2,5),
(268,115,977.5,635.38,4,4,5),
(269,115,977.5,635.38,5,4,5),
(270,116,986,640.9,2,1,5),
(271,141,1198.5,779.03,3,1,5),
(272,117,1462.5,877.5,1,3,2),
(273,41,3107.8,901.26,4,4,1),
(274,41,3107.8,901.26,6,1,1),
(275,141,1762.5,1057.5,1,4,2),
(276,37,3648.2,1167.42,5,1,3),
(277,47,4634.2,1482.94,3,4,3),
(278,52,5127.2,1640.7,1,3,3),
(279,70,6902,2208.64,2,2,3),
(280,57,6412.5,2244.38,4,1,4),
(281,61,6862.5,2401.88,1,1,4),
(282,64,7200,2520,1,2,4),
(283,68,7650,2677.5,5,2,4),
(284,121,1028.5,668.53,6,3,5),
(285,125,1062.5,690.63,6,1,5),
(286,125,1062.5,690.63,5,1,5),
(287,134,1139,740.35,3,4,5),
(288,110,1375,825,5,3,2),
(289,112,1400,840,2,2,2),
(290,123,1537.5,922.5,3,4,2),
(291,30,2958,946.56,2,4,3),
(292,45,3411,989.19,3,4,1),
(293,49,3714.2,1077.12,4,1,1),
(294,61,4623.8,1340.9,2,3,1),
(295,67,5078.6,1472.79,1,2,1),
(296,52,5127.2,1640.7,6,3,3),
(297,113,960.5,624.33,6,2,5),
(298,148,1258,817.7,4,2,5),
(299,116,1450,870,4,3,2),
(300,40,3032,879.28,2,4,1),
(301,123,1537.5,922.5,2,4,2),
(302,134,1675,1005,4,4,2),
(303,48,3638.4,1055.14,4,3,1),
(304,57,4320.6,1252.97,5,2,1),
(305,53,5225.8,1672.26,6,2,3),
(306,53,5225.8,1672.26,5,4,3),
(307,43,4837.5,1693.13,2,1,4),
(308,48,5400,1890,3,2,4),
(309,67,6606.2,2113.98,1,1,3),
(310,57,6412.5,2244.38,1,3,4),
(311,111,943.5,613.28,5,3,5),
(312,139,1181.5,767.98,2,2,5),
(313,129,1612.5,967.5,2,3,2),
(314,136,1700,1020,5,2,2),
(315,64,4851.2,1406.85,3,2,1),
(316,51,5737.5,2008.13,4,3,4),
(317,130,1105,718.25,3,3,5),
(318,136,1156,751.4,5,2,5),
(319,139,1181.5,767.98,2,4,5),
(320,116,1450,870,4,1,2),
(321,45,3411,989.19,5,3,1),
(322,32,3155.2,1009.66,4,1,3),
(323,140,1750,1050,5,4,2),
(324,143,1787.5,1072.5,6,2,2),
(325,49,3714.2,1077.12,5,4,1),
(326,50,3790,1099.1,3,3,1),
(327,55,4169,1209.01,1,4,1),
(328,53,5225.8,1672.26,4,3,3),
(329,31,2349.8,681.44,2,2,1),
(330,129,1096.5,712.73,4,1,5),
(331,33,3253.8,1041.22,6,4,3),
(332,32,3600,1260,3,1,4),
(333,33,3712.5,1299.38,2,4,4),
(334,43,4239.8,1356.74,4,2,3),
(335,42,4725,1653.75,3,3,4),
(336,47,5287.5,1850.63,4,2,4),
(337,47,5287.5,1850.63,5,3,4),
(338,67,6606.2,2113.98,3,3,3),
(339,63,7087.5,2480.63,6,4,4),
(340,120,1020,663,6,4,5),
(341,131,1113.5,723.78,2,3,5),
(342,137,1164.5,756.93,4,3,5),
(343,138,1173,762.45,1,3,5),
(344,36,2728.8,791.35,6,4,1),
(345,149,1266.5,823.23,1,1,5),
(346,111,1387.5,832.5,5,1,2),
(347,117,1462.5,877.5,6,3,2),
(348,131,1637.5,982.5,2,1,2),
(349,45,3411,989.19,6,3,1),
(350,140,1750,1050,6,4,2),
(351,34,3352.4,1072.77,6,1,3),
(352,56,4244.8,1230.99,4,2,1),
(353,56,4244.8,1230.99,1,3,1),
(354,59,4472.2,1296.94,3,1,1),
(355,67,5078.6,1472.79,6,2,1),
(356,48,4732.8,1514.5,5,3,3),
(357,67,6606.2,2113.98,3,1,3),
(358,60,6750,2362.5,6,1,4),
(359,60,6750,2362.5,1,4,4),
(360,61,6862.5,2401.88,5,4,4),
(368,36,2728.8,791.35,1,1,1),
(369,39,2956.2,857.3,2,1,1),
(370,127,1587.5,952.5,3,2,2),
(371,32,3155.2,1009.66,1,2,3),
(372,138,1725,1035,3,1,2),
(373,142,1775,1065,1,2,2),
(374,147,1837.5,1102.5,4,2,2),
(375,52,3941.6,1143.06,5,1,1),
(376,37,3648.2,1167.42,2,3,3),
(377,32,3600,1260,6,2,4),
(378,36,4050,1417.5,3,4,4),
(379,45,4437,1419.84,1,4,3),
(380,53,5225.8,1672.26,2,1,3),
(381,57,5620.2,1798.46,4,4,3),
(382,67,6606.2,2113.98,5,2,3),
(383,62,6975,2441.25,2,3,4),
(384,68,7650,2677.5,6,3,4),
(385,116,986,640.9,3,2,5),
(386,127,1079.5,701.68,1,4,5),
(387,121,1512.5,907.5,3,3,2),
(388,134,1675,1005,6,1,2),
(389,140,1750,1050,1,1,2),
(390,30,3375,1181.25,2,2,4),
(391,66,6507.6,2082.43,3,2,3),
(392,58,6525,2283.75,4,4,4),
(393,58,6525,2283.75,5,1,4),
(394,110,935,607.75,1,2,5),
(395,115,977.5,635.38,4,4,5),
(396,115,977.5,635.38,5,4,5),
(397,116,986,640.9,2,1,5),
(398,141,1198.5,779.03,3,1,5),
(399,117,1462.5,877.5,1,3,2),
(400,41,3107.8,901.26,4,4,1),
(401,41,3107.8,901.26,6,1,1),
(402,141,1762.5,1057.5,1,4,2),
(403,37,3648.2,1167.42,5,1,3),
(404,47,4634.2,1482.94,3,4,3),
(405,52,5127.2,1640.7,1,3,3),
(406,70,6902,2208.64,2,2,3),
(407,57,6412.5,2244.38,4,1,4),
(408,61,6862.5,2401.88,1,1,4),
(409,64,7200,2520,1,2,4),
(410,68,7650,2677.5,5,2,4),
(411,121,1028.5,668.53,6,3,5),
(412,125,1062.5,690.63,6,1,5),
(413,125,1062.5,690.63,5,1,5),
(414,134,1139,740.35,3,4,5),
(415,110,1375,825,5,3,2),
(416,112,1400,840,2,2,2),
(417,123,1537.5,922.5,3,4,2),
(418,30,2958,946.56,2,4,3),
(419,45,3411,989.19,3,4,1),
(420,49,3714.2,1077.12,4,1,1),
(421,61,4623.8,1340.9,2,3,1),
(422,67,5078.6,1472.79,1,2,1),
(423,52,5127.2,1640.7,6,3,3),
(424,113,960.5,624.33,6,2,5),
(425,148,1258,817.7,4,2,5),
(426,116,1450,870,4,3,2),
(427,40,3032,879.28,2,4,1),
(428,123,1537.5,922.5,2,4,2),
(429,134,1675,1005,4,4,2),
(430,48,3638.4,1055.14,4,3,1),
(431,57,4320.6,1252.97,5,2,1),
(432,53,5225.8,1672.26,6,2,3),
(433,53,5225.8,1672.26,5,4,3),
(434,43,4837.5,1693.13,2,1,4),
(435,48,5400,1890,3,2,4),
(436,67,6606.2,2113.98,1,1,3),
(437,57,6412.5,2244.38,1,3,4),
(438,111,943.5,613.28,5,3,5),
(439,139,1181.5,767.98,2,2,5),
(440,129,1612.5,967.5,2,3,2),
(441,136,1700,1020,5,2,2),
(442,64,4851.2,1406.85,3,2,1),
(443,51,5737.5,2008.13,4,3,4),
(444,130,1105,718.25,3,3,5),
(445,136,1156,751.4,5,2,5),
(446,139,1181.5,767.98,2,4,5),
(447,116,1450,870,4,1,2),
(448,45,3411,989.19,5,3,1),
(449,32,3155.2,1009.66,4,1,3),
(450,140,1750,1050,5,4,2),
(451,143,1787.5,1072.5,6,2,2),
(452,49,3714.2,1077.12,5,4,1),
(453,50,3790,1099.1,3,3,1),
(454,55,4169,1209.01,1,4,1),
(455,53,5225.8,1672.26,4,3,3),
(456,31,2349.8,681.44,2,2,1),
(457,129,1096.5,712.73,4,1,5),
(458,33,3253.8,1041.22,6,4,3),
(459,32,3600,1260,3,1,4),
(460,33,3712.5,1299.38,2,4,4),
(461,43,4239.8,1356.74,4,2,3),
(462,42,4725,1653.75,3,3,4),
(463,47,5287.5,1850.63,4,2,4),
(464,47,5287.5,1850.63,5,3,4),
(465,67,6606.2,2113.98,3,3,3),
(466,63,7087.5,2480.63,6,4,4),
(467,120,1020,663,6,4,5),
(468,131,1113.5,723.78,2,3,5),
(469,137,1164.5,756.93,4,3,5),
(470,138,1173,762.45,1,3,5),
(471,36,2728.8,791.35,6,4,1),
(472,149,1266.5,823.23,1,1,5),
(473,111,1387.5,832.5,5,1,2),
(474,117,1462.5,877.5,6,3,2),
(475,131,1637.5,982.5,2,1,2),
(476,45,3411,989.19,6,3,1),
(477,140,1750,1050,6,4,2),
(478,34,3352.4,1072.77,6,1,3),
(479,56,4244.8,1230.99,4,2,1),
(480,56,4244.8,1230.99,1,3,1),
(481,59,4472.2,1296.94,3,1,1),
(482,67,5078.6,1472.79,6,2,1),
(483,48,4732.8,1514.5,5,3,3),
(484,67,6606.2,2113.98,3,1,3),
(485,60,6750,2362.5,6,1,4),
(486,60,6750,2362.5,1,4,4),
(487,61,6862.5,2401.88,5,4,4),
(495,36,2728.8,791.35,1,1,1),
(496,39,2956.2,857.3,2,1,1),
(497,127,1587.5,952.5,3,2,2),
(498,32,3155.2,1009.66,1,2,3),
(499,138,1725,1035,3,1,2),
(500,142,1775,1065,1,2,2),
(501,147,1837.5,1102.5,4,2,2),
(502,52,3941.6,1143.06,5,1,1),
(503,37,3648.2,1167.42,2,3,3),
(504,32,3600,1260,6,2,4),
(505,36,4050,1417.5,3,4,4),
(506,45,4437,1419.84,1,4,3),
(507,53,5225.8,1672.26,2,1,3),
(508,57,5620.2,1798.46,4,4,3),
(509,67,6606.2,2113.98,5,2,3),
(510,62,6975,2441.25,2,3,4),
(511,68,7650,2677.5,6,3,4),
(512,116,986,640.9,3,2,5),
(513,127,1079.5,701.68,1,4,5),
(514,121,1512.5,907.5,3,3,2),
(515,134,1675,1005,6,1,2),
(516,140,1750,1050,1,1,2),
(517,30,3375,1181.25,2,2,4),
(518,66,6507.6,2082.43,3,2,3),
(519,58,6525,2283.75,4,4,4),
(520,58,6525,2283.75,5,1,4),
(521,110,935,607.75,1,2,5),
(522,115,977.5,635.38,4,4,5),
(523,115,977.5,635.38,5,4,5),
(524,116,986,640.9,2,1,5),
(525,141,1198.5,779.03,3,1,5),
(526,117,1462.5,877.5,1,3,2),
(527,41,3107.8,901.26,4,4,1),
(528,41,3107.8,901.26,6,1,1),
(529,141,1762.5,1057.5,1,4,2),
(530,37,3648.2,1167.42,5,1,3),
(531,47,4634.2,1482.94,3,4,3),
(532,52,5127.2,1640.7,1,3,3),
(533,70,6902,2208.64,2,2,3),
(534,57,6412.5,2244.38,4,1,4),
(535,61,6862.5,2401.88,1,1,4),
(536,64,7200,2520,1,2,4),
(537,68,7650,2677.5,5,2,4),
(538,121,1028.5,668.53,6,3,5),
(539,125,1062.5,690.63,6,1,5),
(540,125,1062.5,690.63,5,1,5),
(541,134,1139,740.35,3,4,5),
(542,110,1375,825,5,3,2),
(543,112,1400,840,2,2,2),
(544,123,1537.5,922.5,3,4,2),
(545,30,2958,946.56,2,4,3),
(546,45,3411,989.19,3,4,1),
(547,49,3714.2,1077.12,4,1,1),
(548,61,4623.8,1340.9,2,3,1),
(549,67,5078.6,1472.79,1,2,1),
(550,52,5127.2,1640.7,6,3,3),
(551,113,960.5,624.33,6,2,5),
(552,148,1258,817.7,4,2,5),
(553,116,1450,870,4,3,2),
(554,40,3032,879.28,2,4,1),
(555,123,1537.5,922.5,2,4,2),
(556,134,1675,1005,4,4,2),
(557,48,3638.4,1055.14,4,3,1),
(558,57,4320.6,1252.97,5,2,1),
(559,53,5225.8,1672.26,6,2,3),
(560,53,5225.8,1672.26,5,4,3),
(561,43,4837.5,1693.13,2,1,4),
(562,48,5400,1890,3,2,4),
(563,67,6606.2,2113.98,1,1,3),
(564,57,6412.5,2244.38,1,3,4),
(565,111,943.5,613.28,5,3,5),
(566,139,1181.5,767.98,2,2,5),
(567,129,1612.5,967.5,2,3,2),
(568,136,1700,1020,5,2,2),
(569,64,4851.2,1406.85,3,2,1),
(570,51,5737.5,2008.13,4,3,4),
(571,130,1105,718.25,3,3,5),
(572,136,1156,751.4,5,2,5),
(573,139,1181.5,767.98,2,4,5),
(574,116,1450,870,4,1,2),
(575,45,3411,989.19,5,3,1),
(576,32,3155.2,1009.66,4,1,3),
(577,140,1750,1050,5,4,2),
(578,143,1787.5,1072.5,6,2,2),
(579,49,3714.2,1077.12,5,4,1),
(580,50,3790,1099.1,3,3,1),
(581,55,4169,1209.01,1,4,1),
(582,53,5225.8,1672.26,4,3,3),
(583,31,2349.8,681.44,2,2,1),
(584,129,1096.5,712.73,4,1,5),
(585,33,3253.8,1041.22,6,4,3),
(586,32,3600,1260,3,1,4),
(587,33,3712.5,1299.38,2,4,4),
(588,43,4239.8,1356.74,4,2,3),
(589,42,4725,1653.75,3,3,4),
(590,47,5287.5,1850.63,4,2,4),
(591,47,5287.5,1850.63,5,3,4),
(592,67,6606.2,2113.98,3,3,3),
(593,63,7087.5,2480.63,6,4,4),
(594,120,1020,663,6,4,5),
(595,131,1113.5,723.78,2,3,5),
(596,137,1164.5,756.93,4,3,5),
(597,138,1173,762.45,1,3,5),
(598,36,2728.8,791.35,6,4,1),
(599,149,1266.5,823.23,1,1,5),
(600,111,1387.5,832.5,5,1,2),
(601,117,1462.5,877.5,6,3,2),
(602,131,1637.5,982.5,2,1,2),
(603,45,3411,989.19,6,3,1),
(604,140,1750,1050,6,4,2),
(605,34,3352.4,1072.77,6,1,3),
(606,56,4244.8,1230.99,4,2,1),
(607,56,4244.8,1230.99,1,3,1),
(608,59,4472.2,1296.94,3,1,1),
(609,67,5078.6,1472.79,6,2,1),
(610,48,4732.8,1514.5,5,3,3),
(611,67,6606.2,2113.98,3,1,3),
(612,60,6750,2362.5,6,1,4),
(613,60,6750,2362.5,1,4,4),
(614,61,6862.5,2401.88,5,4,4);

/*Table structure for table `filialen` */

DROP TABLE IF EXISTS `filialen`;

CREATE TABLE `filialen` (
  `id` int(11) NOT NULL AUTO_INCREMENT,
  `filiale_name` varchar(45) NOT NULL,
  PRIMARY KEY (`id`),
  UNIQUE KEY `name_UNIQUE` (`filiale_name`)
) ENGINE=InnoDB AUTO_INCREMENT=12 DEFAULT CHARSET=utf16;

/*Data for the table `filialen` */

insert  into `filialen`(`id`,`filiale_name`) values 
(5,'Bremen'),
(1,'Dortmund'),
(3,'Essen'),
(6,'Frankfurt'),
(2,'Hamburg'),
(4,'Koeln');

/*Table structure for table `import_rohdaten` */

DROP TABLE IF EXISTS `import_rohdaten`;

CREATE TABLE `import_rohdaten` (
  `Filialen` varchar(45) DEFAULT NULL,
  `Quartal` varchar(45) DEFAULT NULL,
  `Artikel` varchar(45) DEFAULT NULL,
  `Anzahl` int(11) DEFAULT NULL,
  `Umsatz` double DEFAULT NULL,
  `Gewinn` double DEFAULT NULL
) ENGINE=InnoDB DEFAULT CHARSET=utf16;

/*Data for the table `import_rohdaten` */

insert  into `import_rohdaten`(`Filialen`,`Quartal`,`Artikel`,`Anzahl`,`Umsatz`,`Gewinn`) values 
('Dortmund','I.Qua.','Kinderschuhe',36,2728.8,791.35),
('Hamburg','I.Qua.','Kinderschuhe',39,2956.2,857.3),
('Essen','IV.Qua','Pflegemittel',127,1587.5,952.5),
('Dortmund','IV.Qua','Herrenschuhe',32,3155.2,1009.66),
('Essen','I.Qua.','Pflegemittel',138,1725,1035),
('Dortmund','IV.Qua','Pflegemittel',142,1775,1065),
('Koeln','IV.Qua','Pflegemittel',147,1837.5,1102.5),
('Bremen','I.Qua.','Kinderschuhe',52,3941.6,1143.06),
('Hamburg','III.Qua','Herrenschuhe',37,3648.2,1167.42),
('Frankfurt','IV.Qua','Damenschuhe',32,3600,1260),
('Essen','II.Qua.','Damenschuhe',36,4050,1417.5),
('Dortmund','II.Qua.','Herrenschuhe',45,4437,1419.84),
('Hamburg','I.Qua.','Herrenschuhe',53,5225.8,1672.26),
('Koeln','II.Qua.','Herrenschuhe',57,5620.2,1798.46),
('Bremen','IV.Qua','Herrenschuhe',67,6606.2,2113.98),
('Hamburg','III.Qua','Damenschuhe',62,6975,2441.25),
('Frankfurt','III.Qua','Damenschuhe',68,7650,2677.5),
('Essen','IV.Qua','Zubehoer',116,986,640.9),
('Dortmund','II.Qua.','Zubehoer',127,1079.5,701.68),
('Essen','III.Qua','Pflegemittel',121,1512.5,907.5),
('Frankfurt','I.Qua.','Pflegemittel',134,1675,1005),
('Dortmund','I.Qua.','Pflegemittel',140,1750,1050),
('Hamburg','IV.Qua','Damenschuhe',30,3375,1181.25),
('Essen','IV.Qua','Herrenschuhe',66,6507.6,2082.43),
('Koeln','II.Qua.','Damenschuhe',58,6525,2283.75),
('Bremen','I.Qua.','Damenschuhe',58,6525,2283.75),
('Dortmund','IV.Qua','Zubehoer',110,935,607.75),
('Koeln','II.Qua.','Zubehoer',115,977.5,635.38),
('Bremen','II.Qua.','Zubehoer',115,977.5,635.38),
('Hamburg','I.Qua.','Zubehoer',116,986,640.9),
('Essen','I.Qua.','Zubehoer',141,1198.5,779.03),
('Dortmund','III.Qua','Pflegemittel',117,1462.5,877.5),
('Koeln','II.Qua.','Kinderschuhe',41,3107.8,901.26),
('Frankfurt','I.Qua.','Kinderschuhe',41,3107.8,901.26),
('Dortmund','II.Qua.','Pflegemittel',141,1762.5,1057.5),
('Bremen','I.Qua.','Herrenschuhe',37,3648.2,1167.42),
('Essen','II.Qua.','Herrenschuhe',47,4634.2,1482.94),
('Dortmund','III.Qua','Herrenschuhe',52,5127.2,1640.7),
('Hamburg','IV.Qua','Herrenschuhe',70,6902,2208.64),
('Koeln','I.Qua.','Damenschuhe',57,6412.5,2244.38),
('Dortmund','I.Qua.','Damenschuhe',61,6862.5,2401.88),
('Dortmund','IV.Qua','Damenschuhe',64,7200,2520),
('Bremen','IV.Qua','Damenschuhe',68,7650,2677.5),
('Frankfurt','III.Qua','Zubehoer',121,1028.5,668.53),
('Frankfurt','I.Qua.','Zubehoer',125,1062.5,690.63),
('Bremen','I.Qua.','Zubehoer',125,1062.5,690.63),
('Essen','II.Qua.','Zubehoer',134,1139,740.35),
('Bremen','III.Qua','Pflegemittel',110,1375,825),
('Hamburg','IV.Qua','Pflegemittel',112,1400,840),
('Essen','II.Qua.','Pflegemittel',123,1537.5,922.5),
('Hamburg','II.Qua.','Herrenschuhe',30,2958,946.56),
('Essen','II.Qua.','Kinderschuhe',45,3411,989.19),
('Koeln','I.Qua.','Kinderschuhe',49,3714.2,1077.12),
('Hamburg','III.Qua','Kinderschuhe',61,4623.8,1340.9),
('Dortmund','IV.Qua','Kinderschuhe',67,5078.6,1472.79),
('Frankfurt','III.Qua','Herrenschuhe',52,5127.2,1640.7),
('Frankfurt','IV.Qua','Zubehoer',113,960.5,624.33),
('Koeln','IV.Qua','Zubehoer',148,1258,817.7),
('Koeln','III.Qua','Pflegemittel',116,1450,870),
('Hamburg','II.Qua.','Kinderschuhe',40,3032,879.28),
('Hamburg','II.Qua.','Pflegemittel',123,1537.5,922.5),
('Koeln','II.Qua.','Pflegemittel',134,1675,1005),
('Koeln','III.Qua','Kinderschuhe',48,3638.4,1055.14),
('Bremen','IV.Qua','Kinderschuhe',57,4320.6,1252.97),
('Frankfurt','IV.Qua','Herrenschuhe',53,5225.8,1672.26),
('Bremen','II.Qua.','Herrenschuhe',53,5225.8,1672.26),
('Hamburg','I.Qua.','Damenschuhe',43,4837.5,1693.13),
('Essen','IV.Qua','Damenschuhe',48,5400,1890),
('Dortmund','I.Qua.','Herrenschuhe',67,6606.2,2113.98),
('Dortmund','III.Qua','Damenschuhe',57,6412.5,2244.38),
('Bremen','III.Qua','Zubehoer',111,943.5,613.28),
('Hamburg','IV.Qua','Zubehoer',139,1181.5,767.98),
('Hamburg','III.Qua','Pflegemittel',129,1612.5,967.5),
('Bremen','IV.Qua','Pflegemittel',136,1700,1020),
('Essen','IV.Qua','Kinderschuhe',64,4851.2,1406.85),
('Koeln','III.Qua','Damenschuhe',51,5737.5,2008.13),
('Essen','III.Qua','Zubehoer',130,1105,718.25),
('Bremen','IV.Qua','Zubehoer',136,1156,751.4),
('Hamburg','II.Qua.','Zubehoer',139,1181.5,767.98),
('Koeln','I.Qua.','Pflegemittel',116,1450,870),
('Bremen','III.Qua','Kinderschuhe',45,3411,989.19),
('Koeln','I.Qua.','Herrenschuhe',32,3155.2,1009.66),
('Bremen','II.Qua.','Pflegemittel',140,1750,1050),
('Frankfurt','IV.Qua','Pflegemittel',143,1787.5,1072.5),
('Bremen','II.Qua.','Kinderschuhe',49,3714.2,1077.12),
('Essen','III.Qua','Kinderschuhe',50,3790,1099.1),
('Dortmund','II.Qua.','Kinderschuhe',55,4169,1209.01),
('Koeln','III.Qua','Herrenschuhe',53,5225.8,1672.26),
('Hamburg','IV.Qua','Kinderschuhe',31,2349.8,681.44),
('Koeln','I.Qua.','Zubehoer',129,1096.5,712.73),
('Frankfurt','II.Qua.','Herrenschuhe',33,3253.8,1041.22),
('Essen','I.Qua.','Damenschuhe',32,3600,1260),
('Hamburg','II.Qua.','Damenschuhe',33,3712.5,1299.38),
('Koeln','IV.Qua','Herrenschuhe',43,4239.8,1356.74),
('Essen','III.Qua','Damenschuhe',42,4725,1653.75),
('Koeln','IV.Qua','Damenschuhe',47,5287.5,1850.63),
('Bremen','III.Qua','Damenschuhe',47,5287.5,1850.63),
('Essen','III.Qua','Herrenschuhe',67,6606.2,2113.98),
('Frankfurt','II.Qua.','Damenschuhe',63,7087.5,2480.63),
('Frankfurt','II.Qua.','Zubehoer',120,1020,663),
('Hamburg','III.Qua','Zubehoer',131,1113.5,723.78),
('Koeln','III.Qua','Zubehoer',137,1164.5,756.93),
('Dortmund','III.Qua','Zubehoer',138,1173,762.45),
('Frankfurt','II.Qua.','Kinderschuhe',36,2728.8,791.35),
('Dortmund','I.Qua.','Zubehoer',149,1266.5,823.23),
('Bremen','I.Qua.','Pflegemittel',111,1387.5,832.5),
('Frankfurt','III.Qua','Pflegemittel',117,1462.5,877.5),
('Hamburg','I.Qua.','Pflegemittel',131,1637.5,982.5),
('Frankfurt','III.Qua','Kinderschuhe',45,3411,989.19),
('Frankfurt','II.Qua.','Pflegemittel',140,1750,1050),
('Frankfurt','I.Qua.','Herrenschuhe',34,3352.4,1072.77),
('Koeln','IV.Qua','Kinderschuhe',56,4244.8,1230.99),
('Dortmund','III.Qua','Kinderschuhe',56,4244.8,1230.99),
('Essen','I.Qua.','Kinderschuhe',59,4472.2,1296.94),
('Frankfurt','IV.Qua','Kinderschuhe',67,5078.6,1472.79),
('Bremen','III.Qua','Herrenschuhe',48,4732.8,1514.5),
('Essen','I.Qua.','Herrenschuhe',67,6606.2,2113.98),
('Frankfurt','I.Qua.','Damenschuhe',60,6750,2362.5),
('Dortmund','II.Qua.','Damenschuhe',60,6750,2362.5),
('Bremen','II.Qua.','Damenschuhe',61,6862.5,2401.88);

/*Table structure for table `quartal` */

DROP TABLE IF EXISTS `quartal`;

CREATE TABLE `quartal` (
  `id` int(11) NOT NULL AUTO_INCREMENT,
  `quartal_name` varchar(45) NOT NULL,
  PRIMARY KEY (`id`),
  UNIQUE KEY `quartal_UNIQUE` (`quartal_name`)
) ENGINE=InnoDB AUTO_INCREMENT=8 DEFAULT CHARSET=utf16;

/*Data for the table `quartal` */

insert  into `quartal`(`id`,`quartal_name`) values 
(1,'I.Qua.'),
(4,'II.Qua.'),
(3,'III.Qua'),
(2,'IV.Qua');

/*Table structure for table `vw_data_warehousing` */

DROP TABLE IF EXISTS `vw_data_warehousing`;

/*!50001 DROP VIEW IF EXISTS `vw_data_warehousing` */;
/*!50001 DROP TABLE IF EXISTS `vw_data_warehousing` */;

/*!50001 CREATE TABLE  `vw_data_warehousing`(
 `Anzahl` int(11) ,
 `Umsatz` double ,
 `Gewinn` double ,
 `Filiale` varchar(45) ,
 `Artikel` varchar(45) ,
 `Quartal` varchar(45) 
)*/;

/*View structure for view vw_data_warehousing */

/*!50001 DROP TABLE IF EXISTS `vw_data_warehousing` */;
/*!50001 DROP VIEW IF EXISTS `vw_data_warehousing` */;

/*!50001 CREATE ALGORITHM=UNDEFINED DEFINER=`root`@`localhost` SQL SECURITY DEFINER VIEW `vw_data_warehousing` AS select `facts`.`anzahl` AS `Anzahl`,`facts`.`umsatz` AS `Umsatz`,`facts`.`gewinn` AS `Gewinn`,`filialen`.`filiale_name` AS `Filiale`,`artikel`.`artikel_name` AS `Artikel`,`quartal`.`quartal_name` AS `Quartal` from (((`facts` join `filialen` on(`filialen`.`id` = `facts`.`filialen_id`)) join `artikel` on(`artikel`.`id` = `facts`.`artikel_id`)) join `quartal` on(`quartal`.`id` = `facts`.`quartal_id`)) */;

/*!40101 SET SQL_MODE=@OLD_SQL_MODE */;
/*!40014 SET FOREIGN_KEY_CHECKS=@OLD_FOREIGN_KEY_CHECKS */;
/*!40014 SET UNIQUE_CHECKS=@OLD_UNIQUE_CHECKS */;
/*!40111 SET SQL_NOTES=@OLD_SQL_NOTES */;
